name,language,tools_tech,brief,scale,domain
Inventory Management System,java,"java, MySQL/SQLite for database, JavaFX/Swing for GUI.","This project involves creating a system to manage inventory for a store, including functionalities for adding/removing items, tracking stock levels, generating reports, and managing suppliers. It requires knowledge of Java programming, database management, and GUI development.",2,full stack development
Library Management System,java,"Java, MySQL/SQLite, JavaFX/Swing","The Library Management System enables efficient management of library resources such as books, patrons, borrowing, returning, and overdue fines. Users can search for books, check availability, and manage their borrowing history. This project requires understanding of database management, object-oriented programming concepts, and GUI development",2,full stack development
Online Quiz Application,java,"Java, Servlets/JSP, MySQL/SQLite, HTML/CSS/JavaScrip"," The Online Quiz Application allows users to create and take online quizzes with multiple-choice questions. Features include user authentication, quiz creation, taking quizzes, scoring, and leaderboards. This project involves backend development using Java Servlets or Spring Boot, database management, and frontend development with HTML/CSS/JavaScript",2,full stack development
Student Management System,java,"Java, MySQL/SQLite, JavaFX/Swing.","The Student Management System helps educational institutions manage student records, grades, attendance, and scheduling. It includes features for student registration, course enrollment, grade tracking, and generating reports. This project requires knowledge of database management, Java programming, and GUI development",2,full stack development
Hotel Management System,java,"Java, MySQL/SQLite, JavaFX/Swing","The Hotel Management System facilitates efficient management of hotel bookings, room assignments, customer check-ins, and billing. It includes features for room availability checking, reservation management, customer profiles, and billing invoices. This project involves backend and frontend development using Java, database management, and GUI developmentThe E-commerce Website project involves building a full-fledged online shopping platform with features like product listings, user accounts, shopping cart, checkout, payment processing, order management, and search functionality. This project requires extensive knowledge of backend development using Spring Boot, database design, RESTful APIs, and frontend development with modern frameworks.",2,full stack development
E-commerce Website,java,"Java, Spring Boot, MySQL/PostgreSQL, HTML/CSS/JavaScript, Thymeleaf or Angular/React/Vue.js for frontend","The E-commerce Website project involves building a full-fledged online shopping platform with features like product listings, user accounts, shopping cart, checkout, payment processing, order management, and search functionality. This project requires extensive knowledge of backend development using Spring Boot, database design, RESTful APIs, and frontend development with modern frameworks.",3,full stack development
Banking Application,java,"Java, Spring Boot, MySQL/PostgreSQL, HTML/CSS/JavaScript, Thymeleaf or Angular/React/Vue.js for frontend.","The Banking Application project aims to create a comprehensive banking system for managing accounts, transactions, transfers, balance inquiries, and account statements. It requires robust security measures, transaction handling, user authentication, and integration with payment gateways. This project involves complex backend development using Spring Boot, database management, and frontend development with modern frameworks.",3,full stack development
Social Media Platform,java,"Java, Spring Boot, MySQL/PostgreSQL, HTML/CSS/JavaScript, Angular/React/Vue.js",,3,full stack development
Appointment Scheduler:,java,"Java, Spring Boot, MySQL/PostgreSQL, HTML/CSS/JavaScript, Angular/React/Vue.js."," The Appointment Scheduler project enables users to schedule appointments for various services such as doctor appointments, salon bookings, or consulting sessions. Features include calendar integration, availability checking, appointment reminders, and rescheduling options. This project involves backend development using Spring Boot, database management, and frontend development with modern frameworks",2,full stack development
Expense Tracker,java,"Java, Spring Boot, MySQL/PostgreSQL, HTML/CSS/JavaScript, Angular/React/Vue.js","The Expense Tracker project helps users track their expenses, categorize spending, set budgets, and generate reports to manage their finances effectively. Features include expense logging, category management, budget tracking, and data visualization. This project requires backend development using Spring Boot, database design, and frontend development with modern frameworks.",2,full stack development
Task Management System,java," Java, Spring Boot, MySQL/PostgreSQL, HTML/CSS/JavaScript, Angular/React/Vue.js","The Task Management System allows teams to create, assign, prioritize, and track tasks within projects. Features include task creation, assignment, deadlines, status tracking, and notifications. This project requires backend development using Spring Boot, database management, and frontend development with modern frameworks",2,
Blogging Platform,java," Java, Spring Boot, MySQL/PostgreSQL, HTML/CSS/JavaScript, Angular/React/Vue.js","The Blogging Platform project enables users to write, publish, and share blog posts with features like rich text editing, tagging, commenting, and social sharing. It requires backend development using Spring Boot, database design, user authentication, and frontend development with modern frameworks",2,full stack development
Recipe Management System,java,"Java, Spring Boot, MySQL/PostgreSQL, HTML/CSS/JavaScript, Angular/React/Vue.js","The Recipe Management System helps users organize, discover, and share recipes with features like recipe categorization, search, ingredient management, and user ratings. This project involves backend development using Spring Boot, database management, and frontend development with modern frameworks.",2,full stack development
Online Ticket Booking System,java,,"The Online Ticket Booking System facilitates booking tickets for movies, events, or transportation with features like seat selection, pricing, availability checking, and secure payment processing. This project requires complex backend development using Spring Boot, database design, payment gateway integration, and frontend development with modern frameworks",3,full stack development
Weather Application,java,"Java, Spring Boot, HTML/CSS/JavaScript, Angular/React/Vue.js, Weather API (such as OpenWeatherMap).","The Weather Application provides users with weather forecasts, current conditions, and alerts for specified locations. Features include real-time updates, location-based weather, and interactive visualization. This project involves backend development using Spring Boot, integration with weather APIs, and frontend development with modern frameworks",2,full stack development
Employee Management System,java,"Java, Spring Boot, MySQL/PostgreSQL, HTML/CSS/JavaScript, Angular/React/Vue.js",,2,full stack development
Chat Application,java,"Java, Spring Boot, WebSocket, HTML/CSS/JavaScript, Angular/React/Vue.js.","The Chat Application enables real-time one-on-one or group messaging with features like text chat, file sharing, emoticons, and presence indicators. This project involves complex backend development using Spring Boot with WebSocket support, database management for message persistence, and frontend development with modern frameworks",3,full stack development
Task Reminder Application,java,"Java, Spring Boot, MySQL/PostgreSQL, HTML/CSS/JavaScript, Angular/React/Vue.js.","The Task Reminder Application helps users set reminders for tasks or events with features like scheduling, notification delivery, recurring reminders, and snooze options. This project requires backend development using Spring Boot, database management, and frontend development with modern frameworks.",2,full stack development
Car Rental System,java,"Java, Spring Boot, MySQL/PostgreSQL, HTML/CSS/JavaScript, Angular/React/Vue.js.","The Car Rental System allows users to rent vehicles with features like vehicle selection, booking, reservation management, pricing, and payment processing. This project requires complex backend development using Spring Boot, database design, integration with rental services, and frontend development with modern frameworks.",3,full stack development
Music Player,java,"Java, JavaFX/Swing, MP3 Library (such as JLayer), HTML/CSS/JavaScript (for web-based players).","The Music Player project involves building a simple application to play audio files with features like playlist management, play/pause controls, shuffle, and repeat. This project can be implemented using Java with JavaFX or Swing for the desktop application version, or HTML/CSS/JavaScript for a web-based player.",1,full stack development
To-Do List Application,java,"Java, Spring Boot, MySQL/PostgreSQL, HTML/CSS/JavaScript, Angular/React/Vue.js","The To-Do List Application allows users to create, manage, and organize their tasks with features like task creation, due dates, priority levels, and task completion tracking. This project can be implemented with backend development using Spring Boot, database management, and frontend development with modern frameworks.",1,full stack development
Hospital Management System,java,"Java, Spring Boot, MySQL/PostgreSQL, HTML/CSS/JavaScript, Angular/React/Vue.js","The Hospital Management System facilitates efficient management of patient records, appointments, medical history, billing, and inventory management. Features include patient registration, appointment scheduling, medical records management, and billing. This project requires complex backend development using Spring Boot, database design, and frontend development with modern frameworks.",3,full stack development
Online Course Management System,java,"Java, Spring Boot, MySQL/PostgreSQL, HTML/CSS/JavaScript, Angular/React/Vue.js","The Online Course Management System allows educational institutions to offer and manage online courses with features like course creation, enrollment, content delivery, quizzes, and grading. This project involves backend development using Spring Boot, database management, and frontend development with modern frameworks.",2,full stack development
Flight Booking System,java,"Java, Spring Boot, MySQL/PostgreSQL, HTML/CSS/JavaScript, Angular/React/Vue.js","The Flight Booking System enables users to search for flights, book tickets, select seats, and make payments. Features include flight search with filters, seat selection, booking management, and payment processing. This project requires complex backend development using Spring Boot, integration with flight APIs, database management, and frontend development with modern frameworks.",3,full stack development
Language Learning Application,java,"Java, Spring Boot, MySQL/PostgreSQL, HTML/CSS/JavaScript, Angular/React/Vue.js","The Language Learning Application helps users learn languages with features like vocabulary exercises, quizzes, progress tracking, and interactive lessons. This project involves backend development using Spring Boot, database management, and frontend development with modern frameworks",2,full stack development
CRM (Customer Relationship Management) System,java,"Java, Spring Boot, MySQL/PostgreSQL, HTML/CSS/JavaScript, Angular/React/Vue.js.","The CRM System helps businesses manage customer interactions, leads, contacts, sales opportunities, and customer support. Features include contact management, sales pipeline tracking, task management, and reporting. This project requires complex backend development using Spring Boot, database design, and frontend development with modern frameworks.",3,full stack development
Ticketing System,java,"Java, Spring Boot, MySQL/PostgreSQL, HTML/CSS/JavaScript, Angular/React/Vue.js","The Ticketing System assists organizations in managing support tickets or service requests with features like ticket creation, assignment, status tracking, and resolution. This project involves backend development using Spring Boot, database management, and frontend development with modern frameworks.",2,full stack development
Calendar Application,java,"Java, Spring Boot, MySQL/PostgreSQL, HTML/CSS/JavaScript, Angular/React/Vue.js.","The Calendar Application allows users to schedule and manage events, appointments, and reminders with features like calendar views, event creation, recurrence, and notifications. This project can be implemented with backend development using Spring Boot, database management, and frontend development with modern frameworks",1,full stack development
File Sharing System,java,"Java, Spring Boot, MySQL/PostgreSQL, HTML/CSS/JavaScript, Angular/React/Vue.js.","The File Sharing System enables secure sharing of files between users or groups with features like file upload/download, access control, versioning, and encryption. This project requires complex backend development using Spring Boot, database management, file handling, and frontend development with modern frameworks.",3,full stack development
Job Portal,java,"Java, Spring Boot, MySQL/PostgreSQL, HTML/CSS/JavaScript, Angular/React/Vue.js","The Job Portal connects job seekers with employers by providing features like job listings, resume uploads, job search, application tracking, and employer profiles. This project requires complex backend development using Spring Boot, database design, integration with job APIs, and frontend development with modern frameworks.",3,full stack development
Online Auction System,java," Java, Spring Boot, MySQL/PostgreSQL, HTML/CSS/JavaScript, Angular/React/Vue.js","The Online Auction System allows users to buy and sell items through an online auction platform with features like bidding, auction monitoring, auction history, and secure payment processing. This project requires complex backend development using Spring Boot, database management, real-time bidding mechanisms, and frontend development with modern frameworks",3,full stack development
Survey Application,java,"Java, Spring Boot, MySQL/PostgreSQL, HTML/CSS/JavaScript, Angular/React/Vue.js","The Survey Application enables users to create and conduct surveys with features like survey creation, distribution, response collection, data analysis, and reporting. This project involves backend development using Spring Boot, database management, and frontend development with modern frameworks.",2,full stack development
Expense Reimbursement System,java,"Java, Spring Boot, MySQL/PostgreSQL, HTML/CSS/JavaScript, Angular/React/Vue.js","The Expense Reimbursement System allows employees to submit expense reimbursement requests, which are then processed by managers for approval. Features include expense submission, approval workflows, reimbursement tracking, and reporting. This project involves backend development using Spring Boot, database management, and frontend development with modern frameworks.",2,full stack development
Gaming Platform,java,"Java, LibGDX or JavaFX for game development, HTML/CSS/JavaScript for web-based games","The Gaming Platform project involves building a platform for hosting and playing multiplayer games with features like user authentication, game lobbies, matchmaking, real-time multiplayer interaction, and leaderboards. This project requires advanced game development skills using Java with LibGDX or JavaFX for desktop games or HTML/CSS/JavaScript for web-based games.",3,full stack development
Customer Support Chatbot,java,"Java, Spring Boot, Natural Language Processing (NLP) libraries (such as OpenNLP or Stanford NLP), HTML/CSS/JavaScript.","The Customer Support Chatbot provides automated customer support through conversational interfaces, helping users with common queries, troubleshooting, and FAQs. Features include natural language understanding, intent recognition, dialogue management, and integration with backend systems. This project requires expertise in NLP, machine learning, backend development using Spring Boot, and frontend development with modern frameworks.",3,full stack development
Restaurant Management System,java,"Java, Spring Boot, MySQL/PostgreSQL, HTML/CSS/JavaScript, Angular/React/Vue.js","The Restaurant Management System facilitates efficient management of restaurant operations including orders, reservations, menus, billing, and inventory. Features include table management, order processing, kitchen display integration, and POS integration. This project requires complex backend development using Spring Boot, database design, and frontend development with modern frameworks.",3,full stack development
Online Marketplace,java,"Java, Spring Boot, MySQL/PostgreSQL, HTML/CSS/JavaScript, Angular/React/Vue.js","The Online Marketplace project creates a platform for buying and selling goods or services from various vendors with features like user registration, product listings, shopping cart, checkout, and seller profiles. This project requires complex backend development using Spring Boot, database design, payment gateway integration, and frontend development with modern frameworks.",3,full stack development
Health Tracking Application,java,"Java, Spring Boot, MySQL/PostgreSQL, HTML/CSS/JavaScript, Angular/React/Vue.js","The Health Tracking Application helps users monitor their health metrics such as exercise, diet, sleep, and vital signs with features like data input, trend analysis, goal setting, and progress tracking. This project involves backend development using Spring Boot, database management, and frontend development with modern frameworks.",2,full stack development
Project Management System,java,"Java, Spring Boot, MySQL/PostgreSQL, HTML/CSS/JavaScript, Angular/React/Vue.js"," The Project Management System assists teams in planning, organizing, and tracking project tasks, milestones, deadlines, and resources. Features include project creation, task assignment, Gantt charts, resource allocation, and reporting. This project requires complex backend development using Spring Boot, database design, and frontend development with modern frameworks.",3,full stack development
Remote Desktop Application,java,"Java, RMI (Remote Method Invocation), Swing, JavaFX, HTML/CSS/JavaScript (for web-based remote desktop)","The Remote Desktop Application enables users to remotely access and control computers over a network with features like screen sharing, file transfer, remote desktop control, and session management. This project requires expertise in network programming, Java RMI, GUI development with Swing or JavaFX, and web development for web-based remote desktop solutions.",3,full stack development
Simple Calculator,java,Java Swing or JavaFX for GUI,"Build a basic calculator application with features for performing arithmetic operations like addition, subtraction, multiplication, and division. This project can be implemented using Java Swing or JavaFX for the graphical user interface",1,full stack development
Text Editor,java, Java Swing or JavaFX for GUI,"Develop a simple text editor application with features for creating, opening, editing, and saving text files. This project can include basic text editing functionalities like cut, copy, paste, undo, and redo using Java Swing or JavaFX for the user interface.",1,full stack development
Tic-Tac-Toe Game,java,Java Swing or JavaFX for GUI.,Create a classic Tic-Tac-Toe game where two players take turns marking spaces in a 3x3 grid to achieve a winning pattern. This project can be implemented using Java Swing or JavaFX for the graphical interface and simple logic for game rules.,1,full stack development
Temperature Converter,java,Java Swing or JavaFX for GUI,"Build a temperature converter application that allows users to convert temperatures between Celsius, Fahrenheit, and Kelvin scales. This project can be implemented using Java Swing or JavaFX for the user interface with simple conversion formulas.",1,full stack development
Unit Converter:,java,Java Swing or JavaFX for GUI,"Develop a unit converter application that enables users to convert between different units of measurement such as length, area, volume, weight, and more. This project can be implemented using Java Swing or JavaFX for the graphical interface with predefined conversion factors.",1,full stack development
Maze Solver,java,Java Console Application,"Create a program that solves a given maze using algorithms like depth-first search (DFS) or breadth-first search (BFS). This project can be implemented as a console application where the maze is represented as a matrix, and the solution path is displayed.",1,full stack development
Student Grade Calculator,java,Java Console Application,"Develop a program that calculates students' grades based on their scores in different subjects. Users can input scores for each subject, and the program calculates the average grade and final letter grade for each student.",1,full stack development
Simple Address Book,java,Java Console Application,"Build a simple address book application that allows users to store and manage contact information such as names, phone numbers, and email addresses. This project can be implemented as a console application with basic CRUD (Create, Read, Update, Delete) operations",1,full stack development
Basic Chat Application,java,Java Socket Programming,Create a basic chat application that enables communication between two or more users over a local network. This project can be implemented using Java socket programming to establish connections and send/receive messages between clients,1,full stack development
Simple Banking System,java,Java Console Application.,"Develop a simple banking system that allows users to create accounts, deposit/withdraw money, and check account balances. This project can be implemented as a console application with basic functionalities for managing bank accounts and transactions.",1,full stack development
Password Manager,java,"Java, JavaFX/Swing for GUI, AES encryption algorithm.","The Password Manager project involves creating a secure application to manage user passwords. It includes features for storing, retrieving, and generating strong passwords. The passwords are encrypted using the AES encryption algorithm to ensure security. The user interface can be developed using JavaFX or Swing for a user-friendly experience.",2,full stack development
Network Packet Sniffer,java,"Java, JPCAP library for packet capture.","The Network Packet Sniffer project aims to capture and analyze network packets for cybersecurity analysis. It involves using the JPCAP library to capture packets from the network interface, parsing packet headers, and extracting relevant information such as source/destination IP addresses, protocols, and payload data. This project requires a deep understanding of network protocols and packet analysis techniques.",3,full stack development
Vulnerability Scanner ,java,"Java, OWASP ZAP API for vulnerability scanning.","The Vulnerability Scanner project involves building an application to scan systems for security vulnerabilities. It utilizes the OWASP ZAP API to perform vulnerability assessments by scanning web applications for common security flaws such as cross-site scripting (XSS), SQL injection, and insecure configuration. This project requires knowledge of web application security principles and vulnerability scanning techniques.",3,full stack development
Blockchain-Based Voting System ,java,"Java, Ethereum/Solidity for smart contracts, Web3j library for interaction with Ethereum blockchain.","The Blockchain-Based Voting System project aims to create a secure and transparent voting system using blockchain technology. It involves developing smart contracts using Ethereum's Solidity language to handle the voting process and interaction with the blockchain. The Web3j library is used to communicate with the Ethereum network. This project requires expertise in blockchain development, smart contract programming, and decentralized application (DApp) deployment.",3,full stack development
Cryptocurrency Wallet ,java,"Java, BitcoinJ library for Bitcoin, Web3j library for Ethereum.","The Cryptocurrency Wallet project involves building a digital wallet application for managing cryptocurrencies like Bitcoin and Ethereum. It includes features for creating new wallets, sending/receiving transactions, and viewing account balances. The BitcoinJ library is used for Bitcoin wallet functionalities, while the Web3j library is used for Ethereum wallet functionalities. This project requires understanding of cryptocurrency protocols, wallet management, and blockchain interaction.",2,full stack development
Secure File Sharing Application,java," Java, Java Cryptography Architecture (JCA) for encryption, SSL/TLS for secure communication","The Secure File Sharing Application project focuses on building a secure platform for sharing files over a network. It utilizes Java Cryptography Architecture (JCA) for file encryption to ensure data confidentiality. Secure Socket Layer (SSL) or Transport Layer Security (TLS) protocols are used for secure communication between clients and servers. This project requires knowledge of cryptographic algorithms, network security protocols, and secure programming practices.",2,full stack development
Blockchain-Based Supply Chain Management,java,"Java, Hyperledger Fabric for permissioned blockchain, Chaincode (smart contracts).","The Blockchain-Based Supply Chain Management project aims to improve transparency and traceability in supply chains using blockchain technology. It involves building a permissioned blockchain network using Hyperledger Fabric and developing smart contracts (Chaincode) to record transactions and track the provenance of products. This project requires expertise in blockchain development, distributed ledger technology, and supply chain management.",3,full stack development
Intrusion Detection System ,java,"Java, PacketCapture library for network traffic analysis, Machine Learning algorithms","The Intrusion Detection System project focuses on building a system to monitor and analyze network traffic for signs of unauthorized access or malicious activities. It involves capturing network packets using the PacketCapture library, analyzing packet headers and payloads, and applying machine learning algorithms for anomaly detection. This project requires knowledge of network protocols, packet analysis techniques, and machine learning algorithms.",3,full stack development
Secure Messaging Application,java,"Java, Java Cryptography Extension (JCE) for encryption, SSL/TLS for secure communication."," The Secure Messaging Application project focuses on building a messaging platform with end-to-end encryption to protect the confidentiality and integrity of messages. It utilizes Java Cryptography Extension (JCE) for message encryption and Secure Socket Layer (SSL) or Transport Layer Security (TLS) protocols for secure communication. This project requires knowledge of cryptographic algorithms, network security protocols, and secure messaging protocols",3,full stack development
Iris Flower Classification,Python,"scikit-learn, pandas, matplotlib, seaborn",Classify iris flowers into different species based on their sepal and petal dimensions.,1,Machine Learning
Handwritten Digit Recognition,Python,"TensorFlow, Keras, scikit-learn",Build a model to recognize handwritten digits (0-9) using the MNIST dataset.,1,Machine Learning
Sentiment Analysis,Python,"NLTK, scikit-learn, TextBlob","Analyze the sentiment of text data (e.g., movie reviews) to classify them as positive or negative.",1,Machine Learning
House Price Prediction,Python,"scikit-learn, pandas, matplotlib","Predict house prices based on features like area, number of bedrooms, bathrooms, etc.",1,Machine Learning
Spam Email Detection,Python,"scikit-learn, pandas, Natural Language Processing (NLP) techniques",Develop a model to classify emails as spam or not spam.,1,Machine Learning
Breast Cancer Classification,Python,"scikit-learn, pandas, matplotlib, seaborn",Classify breast cancer tumors as malignant or benign based on features extracted from diagnostic images.,1,Machine Learning
Wine Quality Prediction,Python,"scikit-learn, pandas, matplotlib",Predict the quality of wine based on physicochemical properties and sensory data.,1,Machine Learning
Diabetes Prediction,Python,"scikit-learn, pandas, matplotli",Develop a model to predict whether a person is likely to have diabetes based on health metrics.,1,Machine Learning
Customer Segmentation,Python,"scikit-learn, pandas, matplotlib",Segment customers into different groups based on their purchasing behavior and demographics.,1,Machine Learning
Titanic Survival Prediction,Python,"scikit-learn, pandas, matplotlib.","Predict survival on the Titanic based on passenger information like age, gender, class, etc.",1,Machine Learning
Heart Disease Prediction,Python,"scikit-learn, pandas, matplotlib",Predict the presence of heart disease based on patient data and medical attributes.,1,Machine Learning
Customer Lifetime Value Prediction,Python,"scikit-learn, pandas, matplotlib",Predict the future value of a customer over their entire relationship with a business.,1,Machine Learning
Movie Recommendation System,Python,"scikit-learn, pandas",Build a simple movie recommendation system based on user ratings and preferences.,1,Machine Learning
Weather Forecasting,Python,"scikit-learn, pandas, matplotlib","Predict weather conditions such as temperature, humidity, and precipitation based on historical data.",1,Machine Learning
House Rent Prediction,Python,"scikit-learn, pandas, matplotlib","Predict the rent prices of houses based on features like location, size, amenities, etc",1,Machine Learning
Twitter Sentiment Analysis,Python,"scikit-learn, NLTK, TextBlob",Analyze the sentiment of tweets to determine the overall sentiment of a topic or event.,1,Machine Learning
Customer Lifetime Value Prediction with Time Series Analysis,Python,"scikit-learn, pandas, matplotlib, time series analysis libraries (e.g., statsmodels).",Predict the future value of customers using time series analysis techniques to account for temporal patterns.,2,Machine Learning
Movie Genre Classification using Deep Learning,Python,"TensorFlow, Keras, scikit-learn, pandas",Classify movies into different genres using deep learning models such as convolutional neural networks (CNNs) or recurrent neural networks (RNNs).,2,Machine Learning
Customer Churn Prediction with Feature Engineering,Python,"scikit-learn, pandas, feature engineering techniques",Predict customer churn using feature engineering techniques to create new features from existing data.,2,Machine Learning
Predictive Maintenance for Industrial Equipment,Python,"scikit-learn, pandas, time series analysis, anomaly detection algorithms",Predict when industrial equipment is likely to fail based on sensor data and maintenance logs.,2,Machine Learning
Text Summarization using Natural Language Processing (NLP),Python,"NLTK, spaCy, TensorFlow, Keras",Automatically generate summaries for large bodies of text using NLP techniques such as text summarization algorithms.,2,Machine Learning
Anomaly Detection in Network Traffic:,Python,"scikit-learn, pandas, anomaly detection algorithms",Detect anomalous patterns in network traffic data to identify potential security threats or abnormal behavior.,2,Machine Learning
Predicting Stock Prices with LSTM Networks,Python,"TensorFlow, Keras, scikit-learn, pandas","Predict stock prices using Long Short-Term Memory (LSTM) networks, which are well-suited for sequential data like time series.",2,Machine Learning
Customer Segmentation with Clustering Algorithms,Python,"scikit-learn, pandas, clustering algorithms (e.g., K-means, DBSCAN)",Segment customers into distinct groups based on their behavior and characteristics using clustering algorithms.,2,Machine Learning
Credit Card Fraud Detection with Imbalanced Data,Python,"scikit-learn, pandas, imbalanced-learn, anomaly detection algorithms",Detect fraudulent credit card transactions in imbalanced datasets using techniques such as oversampling or anomaly detection.,2,Machine Learning
Hand Gesture Recognition using CNNs,Python,"TensorFlow, Keras, OpenCV, scikit-learn",Recognize hand gestures in images or videos using convolutional neural networks (CNNs).,2,Machine Learning
Recommendation System with Collaborative Filtering,Python,"scikit-learn, pandas, collaborative filtering algorithms",Build a recommendation system using collaborative filtering techniques to recommend items to users based on their preferences and behavior.,2,Machine Learning
Predicting Flight Delays with Regression Models,Python,"scikit-learn, pandas, regression algorithms",Predict flight delays using regression models to help airlines and passengers plan accordingly.,2,Machine Learning
Spam Email Detection with Ensemble Learning,Python,"scikit-learn, pandas, ensemble learning algorithms","Detect spam emails using ensemble learning techniques, which combine multiple models for improved performance.",2,Machine Learning
Text Generation with Recurrent Neural Networks (RNNs),Python,"TensorFlow, Keras, RNN architectures",Generate text using recurrent neural networks (RNNs) to create realistic-sounding text based on input data.,2,Machine Learning
Predicting Hospital Readmissions with Time Series Forecasting,Python,"scikit-learn, pandas, time series forecasting algorithms",Forecast hospital readmissions using time series forecasting techniques to help healthcare providers better manage patient care.,2,Machine Learning
Image Classification using CNN,Python,"TensorFlow, Keras, OpenCV",Classify images into different categories using Convolutional Neural Networks (CNN).,2,Machine Learning
Customer Churn Prediction,Python,"scikit-learn, pandas, matplotlib","Predict customer churn (i.e., whether a customer will leave or stay) based on historical data.",2,Machine Learning
Credit Card Fraud Detection,Python,"scikit-learn, imbalanced-learn, pandas",Detect fraudulent credit card transactions using machine learning algorithms.,2,Machine Learning
Recommendation System,Python,"scikit-learn, pandas, surprise, TensorFlow",Build a recommendation system to suggest products or movies to users based on their preferences.,2,Machine Learning
Healthcare Diagnosis,Python,"scikit-learn, pandas, TensorFlow, Keras",Develop a model to predict diseases or medical conditions based on patient data.,2,Machine Learning
Object Detection and Recognition,Python,"TensorFlow Object Detection API, OpenCV, PyTorch",Detect and recognize objects in images or videos using advanced deep learning models.,3,Machine Learning
Natural Language Understanding,Python,"TensorFlow, BERT, GPT, spaCy",Build a model to understand and respond to natural language queries or commands.,3,Machine Learning
Autonomous Driving,Python,"TensorFlow, Keras, ROS (Robot Operating System), CARLA Simulator",Develop algorithms for autonomous vehicles to navigate and make decisions in real-time.,3,Machine Learning
Stock Price Prediction,Python,"TensorFlow, scikit-learn, pandas, matplotlib",Predict stock prices or market trends based on historical financial data.,3,Machine Learning
Generative Adversarial Networks (GANs),Python,"TensorFlow, PyTorch, Keras",Create realistic synthetic data or images using GANs for applications like image generation.,3,Machine Learning
Brain-Computer Interface (BCI) using Electroencephalography (EEG) Signals,Python,"TensorFlow, PyTorch, EEG signal processing libraries",Develop a brain-computer interface system that translates EEG signals into control commands for devices or applications.,3,Machine Learning
Fraud Detection in Financial Transactions with Graph Neural Networks,Python,"TensorFlow, PyTorch, graph neural network architectures",Detect fraudulent patterns in financial transactions using graph neural networks to model complex relationships between entities.,3,Machine Learning
Automatic Image Captioning with Attention Mechanisms,Python,"TensorFlow, PyTorch, attention mechanisms",Generate descriptive captions for images using deep learning models with attention mechanisms to focus on relevant image regions.,3,Machine Learning
Human Pose Estimation in Videos,Python,"TensorFlow, PyTorch, OpenCV, human pose estimation models","Estimate human poses (e.g., keypoints) in videos using deep learning models for human pose estimation.",3,Machine Learning
Adversarial Attacks and Defenses in Deep Learning,Python,"TensorFlow, PyTorch, adversarial attack and defense strategies",Explore techniques for generating adversarial examples to fool deep learning models and develop defenses against such attacks.,3,Machine Learning
Video Object Detection and Tracking,Python,"TensorFlow Object Detection API, OpenCV, deep learning frameworks",Detect and track objects in videos in real-time using advanced deep learning models for object detection and tracking.,3,Machine Learning
Music Generation with Recurrent Neural Networks (RNNs),Python,"TensorFlow, Keras, music generation libraries",Generate music compositions using recurrent neural networks (RNNs) trained on large datasets of musical sequences.,3,Machine Learning
Fake News Detection using Natural Language Processing (NLP),Python,"TensorFlow, scikit-learn, NLP libraries (e.g., NLTK, spaCy)",Detect fake news articles using natural language processing techniques to analyze text content and identify misinformation.,3,Machine Learning
Personal Portfolio Website,JavaScript,"HTML, CSS, JavaScript","Create a personal portfolio website showcasing your skills and projects. Include sections for about me, projects, contact information, and resume download.",1,Web Development
Todo List App,JavaScript,"HTML, CSS, JavaScript","Build a simple todo list application where users can add, edit, and delete tasks. Implement features like marking tasks as completed and filtering tasks based on their status.",1,Web Development
Blogging Platform,JavaScript,"HTML, CSS, JavaScript, Node.js, Express.js, MongoDB","Develop a full-fledged blogging platform where users can create an account, write, publish, and manage their blog posts. Include features like commenting, tagging, and search functionality.",2,Web Development
E-commerce Website,JavaScript,"HTML, CSS, JavaScript, React.js, Node.js, Express.js, MongoDB","Build an e-commerce website with features such as product listing, search, user authentication, shopping cart, and checkout. Implement payment gateway integration for online transactions.",2,Web Development
Weather App,JavaScript,"HTML, CSS, JavaScript","Create a weather application that fetches and displays the current weather information based on user input (e.g., city name). Include features like temperature, humidity, wind speed, and weather conditions.",1,Web Development
Recipe Finder,JavaScript,"HTML, CSS, JavaScript, React.js","Develop a recipe finder application that allows users to search for recipes based on ingredients or cuisine types. Display recipes with images, ingredients, and preparation instructions.",2,Web Development
Social Media Dashboard,JavaScript,"HTML, CSS, JavaScript, React.js","Build a social media dashboard where users can view and manage their social media accounts in one place. Include features like post scheduling, analytics, and notifications.",3,Web Development
Online Code Editor,JavaScript,"HTML, CSS, JavaScript, Node.js, Express.js, MongoDB","Create an online code editor similar to CodePen or JSFiddle, allowing users to write, edit, and run HTML, CSS, and JavaScript code snippets in real-time. Implement user authentication and saving/sharing functionality.",3,Web Development
Job Board Website,JavaScript,"HTML, CSS, JavaScript, React.js, Node.js, Express.js, MongoDB","Develop a job board website where employers can post job listings and job seekers can search and apply for jobs. Implement features like filtering, sorting, and user profiles.",2,Web Development
Online Quiz App,JavaScript,"HTML, CSS, JavaScript, React.js, Node.js, Express.js, MongoDB","Build an online quiz application with multiple-choice questions on various topics. Allow users to select quiz categories, attempt quizzes, and view their scores.",2,Web Development
URL Shortener,JavaScript,"HTML, CSS, JavaScript, Node.js, Express.js, MongoDB","Create a URL shortening service that converts long URLs into shorter, more manageable links. Implement features like custom aliases, link expiration, and analytics tracking.",2,Web Development
Chat Application,JavaScript,"HTML, CSS, JavaScript, React.js, Node.js, Express.js, Socket.io","Develop a real-time chat application that allows users to join chat rooms, send messages, and share files. Implement features like user authentication, message history, and typing indicators.",3,Web Development
Music Player,JavaScript,"HTML, CSS, JavaScript, React.js","Build a web-based music player that allows users to play, pause, skip tracks, and adjust volume. Include features like playlist management, shuffle, and repeat.",2,Web Development
Expense Tracker,JavaScript,"HTML, CSS, JavaScript, React.js, Node.js, Express.js, MongoDB","Create an expense tracker application to manage personal finances. Allow users to add, categorize, and track expenses over time. Provide visualizations such as charts and graphs for better insights.",2,Web Development
Portfolio CMS,JavaScript,"HTML, CSS, JavaScript, React.js, Node.js, Express.js, MongoDB","Build a content management system (CMS) specifically tailored for portfolio websites. Allow users to easily update and manage their portfolio content, including projects, skills, and contact information.",3,Web Development
Online Learning Platform,JavaScript,"HTML, CSS, JavaScript, React.js, Node.js, Express.js, MongoDB","Develop an online learning platform where instructors can create courses and students can enroll, watch lectures, complete assignments, and track their progress. Implement features like quizzes, discussions, and certificates.",3,Web Development
Event Management System,JavaScript,"HTML, CSS, JavaScript, React.js, Node.js, Express.js, MongoDB","Build a comprehensive event management system for organizing and managing events, conferences, and workshops. Include features for event registration, ticketing, scheduling, and attendee management.",3,Web Development
Recipe Sharing Platform,JavaScript,"HTML, CSS, JavaScript, React.js, Node.js, Express.js, MongoDB","Create a recipe sharing platform where users can share their favorite recipes, follow other users, and save recipes to their collections. Implement features like ratings, reviews, and recipe categories.",2,Web Development
Online Marketplace,JavaScript,"HTML, CSS, JavaScript, React.js, Node.js, Express.js, MongoDB","Develop an online marketplace similar to Etsy or eBay, where users can buy and sell products. Include features like product listings, user profiles, messaging, and payment processing.",3,Web Development
Content Aggregator,JavaScript,"HTML, CSS, JavaScript, React.js, Node.js, Express.js, MongoDB","Build a content aggregator that collects and displays content from various sources (e.g., blogs, news sites, social media). Implement features like content categorization, search, and personalized recommendations.",3,Web Development
Online Banking System,JavaScript,"HTML, CSS, JavaScript, React.js, Node.js, Express.js, MongoDB","Develop a secure online banking system with features like account management, fund transfer, transaction history, and multi-factor authentication. Ensure compliance with banking regulations and security standards.",3,Web Development
Fitness Tracker,JavaScript,"HTML, CSS, JavaScript, React.js, Node.js, Express.js, MongoDB","Create a fitness tracking application where users can log their workouts, set fitness goals, and track their progress over time. Include features like exercise database, workout plans, and performance analytics.",2,Web Development
Real Estate Listing Website,JavaScript,"HTML, CSS, JavaScript, React.js, Node.js, Express.js, MongoDB","Build a real estate listing website where users can search for properties, view listings, and contact agents. Implement features like property filters, map integration, and saved searches.",2,Web Development
Task Management Tool,JavaScript,"HTML, CSS, JavaScript, React.js, Node.js, Express.js, MongoDB","Develop a task management tool for organizing and prioritizing tasks and projects. Include features like task lists, due dates, reminders, and collaboration tools.",2,Web Development
Video Streaming Service,JavaScript,"HTML, CSS, JavaScript, React.js, Node.js, Express.js, MongoDB","Create a video streaming service similar to YouTube or Netflix, allowing users to upload, watch, and share videos. Implement features like user profiles, playlists, recommendations, and content moderation.",3,Web Development
Online Resume Builder,JavaScript,"HTML, CSS, JavaScript, React.js, Node.js, Express.js, MongoDB","Build an online resume builder application that helps users create professional resumes with customizable templates. Include features like section editing, preview, and PDF export.",2,Web Development
Car Rental System,JavaScript,"HTML, CSS, JavaScript, React.js, Node.js, Express.js, MongoDB","Develop a car rental system where users can search for available vehicles, make reservations, and manage bookings. Include features like vehicle inventory, rental pricing, and booking confirmation.",2,Web Development
Recipe Recommender,JavaScript,"HTML, CSS, JavaScript, React.js, Python, Flask, MongoDB","Create a recipe recommendation engine that suggests personalized recipes based on user preferences, dietary restrictions, and ingredient availability. Implement machine learning algorithms for better recipe recommendations.",3,Web Development
Language Learning App,JavaScript,"HTML, CSS, JavaScript, React.js, Node.js, Express.js, MongoDB","Build a language learning application where users can practice vocabulary, grammar, and conversation skills in different languages. Include features like lessons, quizzes, and progress tracking.",2,Web Development
Social Network Analysis Tool,JavaScript,"HTML, CSS, JavaScript, React.js, Python, Flask, MongoDB","Develop a social network analysis tool that analyzes user interactions and network structures on social media platforms. Implement features like network visualization, community detection, and sentiment analysis.",3,Web Development
Cryptocurrency Tracker,JavaScript,"HTML, CSS, JavaScript, React.js, Node.js, Express.js, MongoDB","Create a cryptocurrency tracker application that displays real-time prices, market data, and portfolio tracking for various cryptocurrencies. Implement features like price alerts and historical price charts.",2,Web Development
Online Auction Platform,JavaScript,"HTML, CSS, JavaScript, React.js, Node.js, Express.js, MongoDB","Build an online auction platform where users can bid on items, participate in auctions, and manage their bids. Include features like auction listings, bidding history, and automatic bidding.",3,Web Development
Music Recommendation System,JavaScript,"HTML, CSS, JavaScript, React.js, Python, Django, MongoDB","Develop a music recommendation system that suggests songs and playlists based on user preferences, listening history, and music genres. Implement collaborative filtering and content-based recommendation algorithms.",3,Web Development
Health Tracking App,JavaScript,"HTML, CSS, JavaScript, React.js, Node.js, Express.js, MongoDB","Create a health tracking application where users can log their daily activities, monitor their health metrics, and set fitness goals. Include features like calorie tracking, exercise tracking, and progress charts.",2,Web Development
Crowdfunding Platform,JavaScript,"HTML, CSS, JavaScript, React.js, Node.js, Express.js, MongoDB","Develop a crowdfunding platform where users can create fundraising campaigns and collect donations for various causes or projects. Implement features like campaign creation, payment processing, and campaign updates.",3,Web Development
Podcast App,JavaScript,"HTML, CSS, JavaScript, React.js, Node.js, Express.js, MongoDB","Build a podcast application that allows users to discover, subscribe to, and listen to podcasts. Include features like episode streaming, offline listening, and personalized recommendations.",2,Web Development
Online Survey Tool,JavaScript,"HTML, CSS, JavaScript, React.js, Node.js, Express.js, MongoDB","Create an online survey tool for conducting surveys and collecting feedback from users. Include features like customizable survey forms, response analysis, and result visualization.",2,Web Development
Stock Trading Simulator,JavaScript,"HTML, CSS, JavaScript, React.js, Node.js, Express.js, MongoDB","Develop a stock trading simulator that simulates real-time stock market trading with virtual money. Allow users to buy/sell stocks, track their portfolio performance, and analyze market trends.",3,Web Development
Online Recipe Book,JavaScript,"HTML, CSS, JavaScript, React.js, Node.js, Express.js, MongoDB","Build an online recipe book where users can discover, save, and share recipes from various sources. Include features like recipe categorization, search, and user-generated content.",2,Web Development
Content Management System (CMS),JavaScript,"HTML, CSS, JavaScript, React.js, Node.js, Express.js, MongoDB","Develop a customizable content management system (CMS) for creating and managing websites, blogs, and online stores. Include features like content editing, publishing workflow, and plugin architecture.",3,Web Development
Travel Planning App,JavaScript,"HTML, CSS, JavaScript, React.js, Node.js, Express.js, MongoDB","Create a travel planning application that helps users plan their trips, discover destinations, and book accommodations. Include features like itinerary management, travel recommendations, and budget tracking.",2,Web Development
Virtual Classroom Platform,JavaScript,"HTML, CSS, JavaScript, React.js, Node.js, Express.js, MongoDB","Build a virtual classroom platform for online education, allowing teachers to conduct live classes, share resources, and interact with students in real-time. Include features like video conferencing, screen sharing, and attendance tracking.",3,Web Development
Online Food Ordering System,JavaScript,"HTML, CSS, JavaScript, React.js, Node.js, Express.js, MongoDB","Develop an online food ordering system where users can browse menus, place orders, and make payments for food delivery or pickup. Include features like restaurant listings, order tracking, and customer reviews.",2,Web Development
Music Festival Management System,JavaScript,"HTML, CSS, JavaScript, React.js, Node.js, Express.js, MongoDB","Create a management system for organizing and managing music festivals, concerts, and events. Include features like event scheduling, ticketing, artist lineup, and attendee registration.",3,Web Development
Weather Forecasting App,JavaScript,"HTML, CSS, JavaScript, React.js, Node.js, Express.js, MongoDB","Develop a weather forecasting application that provides users with accurate weather forecasts, radar maps, and severe weather alerts. Include features like location-based weather updates and customizable notifications.",2,Web Development
Online Library Management System,JavaScript,"HTML, CSS, JavaScript, React.js, Node.js, Express.js, MongoDB","Create a library management system for managing books, borrowers, and library operations. Include features like book cataloging, loan management, and fine calculation.",2,Web Development
Task Scheduler,JavaScript,"HTML, CSS, JavaScript, React.js, Node.js, Express.js, MongoDB","Build a task scheduling application that helps users organize their daily tasks, set reminders, and prioritize tasks based on deadlines and importance. Include features like task categories, recurring tasks, and notifications.",2,Web Development
Fitness Challenge App,JavaScript,"HTML, CSS, JavaScript, React.js, Node.js, Express.js, MongoDB","Create a fitness challenge app where users can join challenges, track their progress, and compete with others. Include features like leaderboards, achievement badges, and social sharing.",2,Web Development
Online Appointment Booking System,JavaScript,"HTML, CSS, JavaScript, React.js, Node.js, Express.js, MongoDB","Develop an online appointment booking system for scheduling appointments with doctors, therapists, or service providers. Include features like appointment scheduling, calendar integration, and reminder notifications.",2,Web Development
Fidget Spinner,Python,Pygame,"The logic of the game is that the turns will keep increasing as you press the space bar, and it will reduce its speed and stop at a point where you stop pressing the space bar.",1,Game Development
Number guessing game,Python,Python console application,Some random integer will be selected by the system and the user has to guess that integer in the minimum number of guesses,1,Game Development
Word guessing game,Python,Python console application,"In this game, there is a list of words present, out of which our interpreter will choose 1 random word. The user first has to input their names and then, will be asked to guess any alphabet. If the random word contains that alphabet, it will be shown as the output(with correct placement) else the program will ask you to guess another alphabet.",1,Game Development
Word guessing game 2,Python,Python console application,"In this game, the user needs to enter 5 letter word, if any alphabet is present in the magic word that word will be shown yellow and if the alphabet is present at the same position alphabet will turn green, and if the alphabet is not present in the word then alphabet will become black.",1,Game Development
21 Number game,Python,Python console application,"A game which progresses by counting up 1 to 21, with the player who calls 21 is eliminated. Each player can choose the amount of numbers to count on their turn between 1 to 3.",1,Game Development
Mastermind Game,Python,Python console application,"This is a two player game. One player sets a multi digit number, then the other player tries to guess the number. If the number is not guessed correctly, then the first player reveals the digits that second player correctly guessed.",1,Game Development
2048 Game,Python,Python console application,"There is a 4*4 grid which can be filled with any number. Initially two random cells are filled with 2 in it. Rest cells are empty. We have to press any one of four keys to move up, down, left, or right. When we press any key, the elements of the cell move in that direction such that if any two identical numbers are contained in that particular row (in case of moving left or right) or column (in case of moving up and down) they get add up and extreme cell in that direction fill itself with that number and rest cells goes empty again. After this grid compression any random empty cell gets itself filled with 2. Following this process we have to double the elements by adding up and make 2048 in any of the cell. If we are able to do that we wins. But if during the game there is no empty cell left to be filled with a new 2, then the game goes over.",1,Game Development
Simple FLAMES game,Python,Python console application,"FLAMES is a popular game named after the acronym: Friends, Lovers, Affectionate, Marriage, Enemies, Sibling. Take two names. Remove the common characters with their respective common occurrences. Get the count of the characters that are left. Take FLAMES letters as [F, L, A, M, E, S]. Start removing letter using the count we got. The letter which lasts the process is the result.",1,Game Development
Pokmon Training Game,Python,Python console application,"You are a Pokmon trainer. Each Pokmon has its own power, described by a positive integer value. As you travel, you watch Pokmon and you catch each of them. After each catch, you have to display maximum and minimum powers of Pokmon caught so far.",1,Game Development
Rock Paper Scissor game,Python,Python console application,"In this game, the user gets the first chance to pick the option between Rock, paper, and scissors. After the computer select from the remaining two choices(randomly), the winner is decided as per the rules.",1,Game Development
Cows and Bulls game,Python,Python console application,"A player will create a secret code, usually a 4-digit number. This number should have no repeated digits. Another player makes a guess (4 digit number) to crack the secret number. Upon making a guess, 2 hints will be provided- Cows and Bulls. Bulls indicate the number of correct digits in the correct position and cows indicates the number of correct digits in the wrong position. The player keeps on guessing until the secret code is cracked. The player who guesses in the minimum number of tries wins.",1,Game Development
Higher-Lower Game,Python,Python console application,"The name of some Instagram accounts will be displayed, you have to guess which has a higher number of followers by typing in the name of that account. Make sure you type the name exactly as shown. If the answer is correct, one of the accounts will stay, and some other account will be displayed to compare to.",1,Game Development
Tic Tac Toe,Python,Python console application,"In this game a player can choose between two symbols with his opponent, the usual games use X and O. If the first player chooses X, then the second player must play with O and vice versa. Aim is to create a straight line horizontally or vertically or diagonally",1,Game Development
Sudoku Game,Python,Python console application,"Sudoku is a logic-based, combinatorial number-placement puzzle. The objective is to fill a 99 grid with digits so that each column, each row, and each of the nine 33 subgrids that compose the grid contain all of the digits from 1 to 9.",1,Game Development
Pong Game,Python,Pygame,Develop a simple Pong game where players control paddles to hit a ball back and forth across the screen.,1,Game Development
Snake Game,Python,Pygame,Recreate the classic Snake game where the player controls a snake to eat food and grow while avoiding collisions with walls and its own tail.,1,Game Development
Memory Card Game,Python,Pygame,Build a memory card game where players flip cards to find matching pairs within a grid of cards.,1,Game Development
Flappy Bird,Python,Pygame,Develop a clone of the popular Flappy Bird game where the player controls a bird to navigate through obstacles.,2,Game Development
Brick Breaker Game,Python,Pygame,Build a memory card game where players flip cards to find matching pairs within a grid of cards.,2,Game Development
Space Invaders,Python,Pygame,Recreate the classic Space Invaders game where players control a spaceship to shoot down invading alien ships,2,Game Development
RPG Text-based Adventure,Python,Pygame,Create a text-based role-playing game where players navigate through a story-driven adventure with decision-making elements.,2,Game Development
Chess Game,Python,Pygame,Implement a two-player Chess game with basic rules and gameplay mechanics,2,Game Development
Tower Defense Game,Python,Pygame,Develop a tower defense game where players build towers to defend against waves of enemies.,2,Game Development
Space Shooter Game,Python,Pygame,Create a space shooter game where players control a spaceship to shoot down enemy ships and asteroids.,2,Game Development
RPG Battle System,Python,Pygame,"Build a turn-based RPG battle system with character stats, abilities, and enemy encounters.",2,Game Development
Sokoban Puzzle Game,Python,Pygame,Recreate the Sokoban puzzle game where players push boxes to designated locations to solve levels.,2,Game Development
Match-3 Puzzle Game,Python,Pygame,Create a match-3 puzzle game where players swap adjacent gems to make matches and clear levels.,2,Game Development
Side-Scrolling Shooter Game,Python,Pygame,Develop a side-scrolling shooter game where players control a character to navigate through levels while shooting enemies.,2,Game Development
Escape Room Game,Python,Pygame,Build an escape room-style game where players solve puzzles and find clues to escape from a locked room.,2,Game Development
Multiplayer Tic Tac Toe,Python,"Pygame, Socket Programming",Implement a multiplayer version of Tic Tac Toe where players can challenge each other online.,2,Game Development
Word Search Game,Python,Pygame,Create a word search puzzle game where players find hidden words in a grid of letters.,2,Game Development
Tower Climbing Game,Python,Pygame,Develop a game where players control a character to climb a tower while avoiding obstacles and traps.,2,Game Development
Arcade Racing Game,Python,Pygame,Build an arcade-style racing game where players race against opponents on various tracks.,2,Game Development
Role-Playing Game (RPG) Character Creator,Python,Pygame,Create a tool where players can customize and create their own characters for use in RPG games.,2,Game Development
Bubble Shooter Game,Python,Pygame,Recreate the classic Bubble Shooter game where players shoot bubbles to match colors and clear the board.,2,Game Development
Trivia Quiz Game,Python,Pygame,Develop a trivia quiz game where players answer questions from various categories to test their knowledge.,2,Game Development
Roguelike Dungeon Crawler,Python,libtcod,"Develop a roguelike dungeon crawler game with procedurally generated levels, turn-based combat, and permadeath mechanics.",3,Game Development
Multiplayer Online Battle Arena (MOBA),Python,"Pygame, Twisted",Create a multiplayer online battle arena game where players compete in teams to destroy each other's base,3,Game Development
3D Platformer Game,Python,"Panda3D, Blender","Build a 3D platformer game with complex levels, player movement mechanics, and interactive environments.",3,Game Development
City Simulation Game,Python,Pygame,"Develop a city simulation game where players manage resources, build infrastructure, and govern the city's development.",3,Game Development
Real-time Strategy (RTS) Game,Python,Pygame,"Create a real-time strategy game where players build bases, gather resources, and command armies to defeat opponents.",3,Game Development
assively Multiplayer Online Role-Playing Game (MMORPG),Python,"Unity, Unreal Engine, MySQL, MongoDB","Create a large-scale MMORPG with expansive worlds, player interactions, quests, and persistent gameplay.",3,Game Development
Virtual Reality (VR) Escape Room,Python,"Unity, Unreal Engine, VR SDKs",Develop an immersive virtual reality escape room experience with realistic environments and challenging puzzles.,3,Game Development
Realistic Flight Simulator,Python,"Unity, Unreal Engine, Flight Simulation APIs","Build a realistic flight simulator game with accurate physics, aircraft models, and detailed environments.",3,Game Development
Open World Survival Game,Python,"Unity, Unreal Engine, Blender","Create an open-world survival game where players explore, gather resources, build shelters, and survive against environmental threats and enemies.",3,Game Development
Real-Time Multiplayer Chess,Python,"Django, WebSocket, JavaScript, Chess Engine APIs","Implement a real-time multiplayer chess game with live gameplay, chat, and matchmaking features.",3,Game Development
City-Building Simulation Game,Python,"Unity, Unreal Engine, City Simulation APIs","Develop a city-building simulation game where players manage urban development, infrastructure, economy, and citizen happiness.",3,Game Development
Advanced Puzzle Adventure Game,Python,"Unity, Unreal Engine, Adventure Game Frameworks","Build a puzzle-adventure game with intricate puzzles, nonlinear gameplay, branching storylines, and multiple endings.",3,Game Development
Realistic Racing Simulator,Python,"Unity, Unreal Engine, Racing Simulation APIs","Create a realistic racing simulator game with accurate physics, vehicle models, tracks, and multiplayer racing modes.",3,Game Development
2D Platformer Game,C#,"Unity, Unity 2D",Create a simple 2D platformer game where players control a character to navigate through levels and collect coins.,1,Game Development
Pong Game,C#,"Unity, Unity 2D",Develop a clone of the classic Pong game where players control paddles to hit a ball back and forth.,1,Game Development
Endless Runner Game,C#,"Unity, Unity 2D",Build an endless runner game where players control a character running through an obstacle-filled environment.,1,Game Development
Tic Tac Toe Game,C#,"Unity, Unity 2D",Implement the classic Tic Tac Toe game where players take turns placing their symbols (X or O) on a grid to win.,1,Game Development
Memory Matching Game,C#,"Unity, Unity 2D",Create a memory matching game where players flip cards to find matching pairs within a grid.,1,Game Development
Breakout Game,C#,"Unity, Unity 2D",Create a clone of the classic Breakout game where players control a paddle to bounce a ball and break bricks.,1,Game Development
Fruit Ninja-style Game,C#,"Unity, Unity 2D",Develop a game where players swipe their fingers to slice falling fruits while avoiding bombs.,1,Game Development
Whack-a-Mole Game,C#,"Unity, Unity 2D",Build a Whack-a-Mole game where players hit popping moles with a mallet within a limited time.,1,Game Development
Space Shooter Game,C#,"Unity, Unity 2D/3D",Create a space shooter game where players control a spaceship to shoot down enemy ships and asteroids.,1,Game Development
Infinite Runner Game with Unity's Tilemap,C#,"Unity, Unity 2D",Develop an infinite runner game using Unity's Tilemap system to create randomized levels.,1,Game Development
Flappy Bird Clone,C#,"Unity, Unity 2D",Implement a clone of the popular Flappy Bird game where players navigate a bird through obstacles.,1,Game Development
Sudoku Puzzle Game,C#,"Unity, Unity 2D",Create a Sudoku puzzle game where players solve Sudoku puzzles with varying difficulty levels.,1,Game Development
Bubble Shooter Game,C#,"Unity, Unity 2D",Develop a bubble shooter game where players match and pop bubbles to clear the board.,1,Game Development
Snake Game,C#,"Unity, Unity 2D",Build a clone of the classic Snake game where players control a snake to eat food and grow longer.,1,Game Development
Match-3 Puzzle Game,C#,"Unity, Unity 2D",Create a match-3 puzzle game where players swap adjacent gems to make matches and score points.,1,Game Development
Tower Defense Game,C#,"Unity, Unity 2D/3D",Develop a tower defense game where players strategically place towers to defend against waves of enemies.,2,Game Development
RPG Inventory System,C#,"Unity, Unity UI","Build an inventory system for a role-playing game (RPG) where players can manage items, equipment, and resources.",2,Game Development
Physics-based Puzzle Game,C#,"Unity, Unity Physics",Create a physics-based puzzle game where players solve challenges by manipulating objects and physics mechanics.,2,Game Development
Multiplayer Tic Tac Toe,C#,"Unity, Unity Multiplayer Networking",Implement a multiplayer version of Tic Tac Toe where players can challenge each other online.,2,Game Development
Side-Scrolling Shooter Game,C#,"Unity, Unity 2D/3D",Build a side-scrolling shooter game where players control a character to shoot enemies and avoid obstacles.,2,Game Development
Rogue-like Dungeon Crawler,C#,"Unity, Unity 2D/3D, procedural generation algorithms","Create a rogue-like dungeon crawler game with procedurally generated levels, loot, and turn-based combat.",2,Game Development
City Simulation Game,C#,"Unity, Unity 3D, simulation algorithms","Develop a city simulation game where players manage resources, infrastructure, and citizen happiness.",2,Game Development
Survival Horror Game,C#,"Unity, Unity 3D, AI algorithms","Build a survival horror game with atmospheric environments, puzzles, and stealth-based gameplay mechanics.",2,Game Development
Virtual Reality (VR) Escape Room,C#,"Unity, Unity 3D, VR SDKs (e.g., Oculus, SteamVR)",Create an immersive VR escape room experience with realistic environments and challenging puzzles.,2,Game Development
Point-and-Click Adventure Game,C#,"Unity, Unity 2D/3D, dialogue systems","Develop a point-and-click adventure game with a compelling storyline, character interactions, and puzzle-solving.",2,Game Development
Real-Time Strategy (RTS) Game with AI,C#,"Unity, Unity 3D, AI algorithms",Build an RTS game where players control armies and engage in strategic battles against AI opponents.,2,Game Development
Multiplayer Racing Game,C#,"Unity, Unity 3D, multiplayer networking","Create a multiplayer racing game with customizable vehicles, tracks, and online multiplayer support.",2,Game Development
Stealth Action Game,C#,"Unity, Unity 3D, AI algorithms, physics systems","Develop a stealth action game where players must evade enemies, use gadgets, and complete objectives without being detected.",2,Game Development
Tower Defense Game with Customization,C#,"Unity, Unity 2D/3D, tower defense mechanics","Enhance the tower defense genre by allowing players to customize their towers, upgrade paths, and abilities.",2,Game Development
Educational Game for Kids,C#,"Unity, Unity 2D/3D, educational game mechanics.","Create an educational game targeted at children to teach subjects like math, language, or science in a fun and interactive way.",2,Game Development
Action-Adventure Game with Inventory System,C#,"Unity, Unity 3D, inventory management systems","Build an action-adventure game with an inventory system where players collect items, weapons, and equipment.",2,Game Development
Endless Runner with Power-Ups,C#,"Unity, Unity 2D/3D, game progression systems","Add depth to the endless runner genre by incorporating power-ups, upgrades, and unlockable characters.",2,Game Development
Side-Scrolling Beat 'em Up Game,C#,"Unity, Unity 2D/3D, character animations","Develop a side-scrolling beat 'em up game with multiple characters, combos, and enemy types.",2,Game Development
Resource Management Simulation Game,C#,"Unity, Unity 3D, simulation mechanics",Create a resource management simulation game where players build and manage their own civilization or colony.,2,Game Development
Tower Climbing Game with Physics,C#,"Unity, Unity 2D/3D, physics systems",Build a tower climbing game where players must ascend a procedurally generated tower using physics-based mechanics.,2,Game Development
Open World RPG Game,C#,"Unity, Unity 3D, ProBuilder","Create an open-world role-playing game (RPG) with a vast environment, quests, NPCs, and a dynamic storyline.",3,Game Development
Real-time Strategy (RTS) Game,C#,"Unity, Unity 3D","Develop a real-time strategy game where players build bases, manage resources, and command armies to conquer opponents.",3,Game Development
First-Person Shooter (FPS) Game,C#,"Unity, Unity 3D, Photon Unity Networking (PUN)","Build a first-person shooter game with realistic graphics, weapon mechanics, and multiplayer support.",3,Game Development
Augmented Reality (AR) Game,C#,"Unity, AR Foundation",Create an augmented reality game that combines virtual elements with the real world using AR technology.,3,Game Development
Multiplayer Online Battle Arena (MOBA),C#,"Unity, Unity 3D, Photon Unity Networking (PUN)",Develop a multiplayer online battle arena game where players compete in teams to destroy each other's base.,3,Game Development
Massively Multiplayer Online Role-Playing Game (MMORPG),C#,"Unity, Unity 3D, server-side scripting, network optimization","Develop a large-scale MMORPG with expansive worlds, persistent player progression, and player-driven economies.",3,Game Development
Real-Time Strategy (RTS) Game with Map Editor,C#,"Unity, Unity 3D, procedural generation, map editor development",Create an RTS game with a built-in map editor that allows players to create and share custom maps.,3,Game Development
Open-World Sandbox Game,C#,"Unity, Unity 3D, procedural world generation, AI systems","Build an open-world sandbox game with dynamic environments, player-driven interactions, and emergent gameplay.",3,Game Development
Flight Simulator Game,C#,"Unity, Unity 3D, flight dynamics modeling, weather simulation","Develop a realistic flight simulator game with accurate physics, weather systems, and detailed aircraft models.",3,Game Development
Multiplayer Battle Royale Game,C#,"Unity, Unity 3D, multiplayer networking, large-scale world design",Create a multiplayer battle royale game where players compete in a last-man-standing survival match.,3,Game Development
Virtual Reality (VR) Role-Playing Game (RPG),C#,"Unity, Unity 3D, VR SDKs (e.g., Oculus, SteamVR), AI systems","Develop a VR RPG with immersive environments, interactive NPCs, and deep storytelling elements.",3,Game Development
Realistic Racing Simulation Game,C#,"Unity, Unity 3D, vehicle physics simulation, track design","Build a realistic racing simulation game with accurate vehicle physics, dynamic weather, and detailed tracks.",3,Game Development
Action-Adventure Game with Dynamic World Events,C#,"Unity, Unity 3D, event-driven game design, procedural storytelling",Create an action-adventure game with dynamic world events that change the game world based on player actions.,3,Game Development
Space Exploration and Colonization Game,C#,"Unity, Unity 3D, procedural generation, resource management","Develop a space exploration game where players can explore, colonize, and manage planets and star systems.",3,Game Development
Interactive Narrative Game with Branching Storylines,C#,"Unity, Unity 3D, narrative scripting, dialogue systems","Build an interactive narrative game with branching storylines, player choices, and consequences that affect the outcome.",3,Game Development
